MissingRate,Method,RMSE,PFC,TimeSec,NumRows,NumCols
0.15,MICE,7.475290699200912,0.0,6.55296516418457,615,13
0.15,FAMD,7.28034255286938,0.0,56.810495138168335,615,13
0.15,missForest,6.721867417862482,0.0,19.986186981201172,615,13
0.1,MICE,6.881034182731528,0.0,6.6940531730651855,615,13
0.1,FAMD,6.502293750036183,0.0,44.209912061691284,615,13
0.1,missForest,5.762531959781056,0.0,8.871041536331177,615,13
0.05,MICE,4.113847461811232,0.0,6.970001220703125,615,13
0.05,FAMD,4.038512058205258,0.0,37.787232398986816,615,13
0.05,missForest,3.5885916104348885,0.0,9.100026845932007,615,13
