MissingRate,Method,RMSE,PFC,TimeSec,NumRows,NumCols
0.15,MICE,1.8505164713473554,0.00852946542601715,23.794551849365234,7308,6
0.15,FAMD,1.7910221271709403,0.0520434227330779,445.36664152145386,7308,6
0.15,missForest,1.9807684611362892,0.03940886699507389,63.65437936782837,7308,6
0.1,MICE,1.3652619733201585,0.0037401933953658093,25.221255779266357,7308,6
0.1,FAMD,1.3517470362496578,0.034482758620689655,298.6463460922241,7308,6
0.1,missForest,1.3694245041145041,0.02627257799671593,96.86319661140442,7308,6
0.05,MICE,0.8269168852462923,0.0010034665207079,26.685676097869873,7308,6
0.05,FAMD,0.9143585102177093,0.0170589308520343,217.6823377609253,7308,6
0.05,missForest,0.8904976829788125,0.014230979748221129,68.54369974136353,7308,6
