MissingRate,Method,RMSE,PFC,TimeSec,NumRows,NumCols
0.15,MICE,2.0156003528063917,0.07615353205389955,31.087122678756714,4898,12
0.15,FAMD,1.9802537086597911,0.07554103715802368,257.1673438549042,4898,12
0.15,missForest,1.4609102080514125,0.052062066149448756,282.6015889644623,4898,12
0.1,MICE,1.6467259428261478,0.057982850142915474,32.694214820861816,4898,12
0.1,FAMD,1.6354579661494149,0.054920375663536136,228.01198172569275,4898,12
0.1,missForest,1.1434628097207056,0.03389138423846468,203.90346932411194,4898,12
0.05,MICE,1.197293481557661,0.02490812576561862,33.25760769844055,4898,12
0.05,FAMD,1.1843836516542736,0.02388730093915884,153.36854076385498,4898,12
0.05,missForest,0.8096750148462407,0.015312372396896692,391.5498831272125,4898,12
