MissingRate,Method,RMSE,PFC,TimeSec,NumRows,NumCols
0.15,MICE,1.5255729480396687,0.07942464040025016,10.150366306304932,1599,12
0.15,FAMD,1.5008583840402094,0.07191994996873045,92.58922052383423,1599,12
0.15,missForest,1.1221918528433374,0.06378986866791744,26.918952703475952,1599,12
0.1,MICE,1.2897237309380993,0.04940587867417136,11.092446088790894,1599,12
0.1,FAMD,1.2858243068401687,0.04940587867417136,78.80224442481995,1599,12
0.1,missForest,0.8614978383609997,0.0375234521575985,53.44059777259827,1599,12
0.05,MICE,0.9667040484800238,0.025015634771732333,10.766582012176514,1599,12
0.05,FAMD,0.9252316795822838,0.024390243902439025,60.67440414428711,1599,12
0.05,missForest,0.6116175477540852,0.016885553470919325,71.26939654350281,1599,12
