MissingRate,Method,RMSE,PFC,TimeSec,NumRows,NumCols
0.15,MICE,47.14468999345304,0.0,13.28969430923462,1186,11
0.15,FAMD,40.98588135702823,0.0,76.72819256782532,1186,11
0.15,missForest,42.93821170714545,0.0,26.79810380935669,1186,11
0.1,MICE,39.49576348670191,0.0,13.230025053024292,1186,11
0.1,FAMD,35.242574928729724,0.0,66.90080690383911,1186,11
0.1,missForest,36.40943440582369,0.0,15.927428245544434,1186,11
0.05,MICE,24.347610255153576,0.0,13.401099920272827,1186,11
0.05,FAMD,23.83886473165796,0.0,58.826306104660034,1186,11
0.05,missForest,23.826174407744833,0.0,21.282033681869507,1186,11
