MissingRate,Method,RMSE,PFC,TimeSec,NumRows,NumCols
0.05,MICE,3.1522843380597925,0.0,208.5632402896881,13200,11
0.05,FAMD,3.0411303848250757,0.0,658.0937392711639,13200,11
0.05,missForest,2.6319120713279305,0.0,1766.9051887989044,13200,11
