MissingRate,Method,RMSE,PFC,TimeSec,NumRows,NumCols
0.15,MICE,146.17131070446933,0.030166666666666665,150.19990992546082,1000,21
0.15,FAMD,136.52467487082632,0.03938888888888889,191.07878470420837,1000,21
0.15,missForest,132.04433669624274,0.03888888888888889,67.97213387489319,1000,21
0.1,MICE,108.78019823036733,0.020166666666666666,163.8131206035614,1000,21
0.1,FAMD,117.72810556215317,0.02638888888888889,180.8299629688263,1000,21
0.1,missForest,104.06899523882416,0.02588888888888889,45.396626472473145,1000,21
0.05,MICE,77.49274284100764,0.010944444444444444,164.17109084129333,1000,21
0.05,FAMD,89.07177080050772,0.014222222222222221,164.08458423614502,1000,21
0.05,missForest,81.25940867940622,0.013944444444444443,79.25156950950623,1000,21
