MissingRate,Method,RMSE,PFC,TimeSec,NumRows,NumCols
0.15,FAMD,9933.6853670061,0.02638888888888889,47.394654989242554,240,7
0.15,missForest,7338.69849104471,0.002777777777777778,1.104619026184082,240,7
0.1,FAMD,9526.168685530305,0.015277777777777777,40.165398836135864,240,7
0.1,missForest,6069.926664681656,0.0,2.4861371517181396,240,7
0.05,MICE,7722.155655482981,0.0,40.645628929138184,240,7
0.05,FAMD,8616.618695130146,0.009722222222222222,35.958961486816406,240,7
0.05,missForest,6488.930257154657,0.001388888888888889,2.0154714584350586,240,7
