MissingRate,Method,RMSE,PFC,TimeSec,NumRows,NumCols
0.05,MICE,3.742851422409915,0.03063241106719368,1.272150993347168,506,14
0.05,FAMD,3.5691563752835602,0.05138339920948616,0.08040714263916016,506,14
0.05,missForest,2.5253766043890336,0.05039525691699605,5.066792964935303,506,14
0.05,MIDAS,7.979782068699631,0.05138339920948616,11.494508981704712,506,14
