MissingRate,Method,RMSE,PFC,TimeSec,NumRows,NumCols
0.05,MICE,77.49274284100768,0.010944444444444444,98.06353616714478,1000,21
0.05,FAMD,88.18775984080803,0.014333333333333332,0.21134614944458008,1000,21
0.05,missForest,81.86039691881915,0.014111111111111112,22.17427086830139,1000,21
