MissingRate,Method,RMSE,PFC,TimeSec,NumRows,NumCols
0.15,MICE,146.17131070446942,0.030166666666666665,90.89587092399597,1000,21
0.15,FAMD,136.5246748708266,0.03938888888888889,117.35132217407227,1000,21
0.15,missForest,128.15915747380245,0.03861111111111111,24.010914087295532,1000,21
