MissingRate,Method,RMSE,PFC,TimeSec,NumRows,NumCols
0.05,MICE,7038.801747859727,0,16.716276168823242,240,7
0.05,FAMD,8616.618695130155,0.009722222222222222,19.617918014526367,240,7
0.05,missForest,6215.343754456388,0.0013888888888888887,2.0576138496398926,240,7
