MissingRate,Method,RMSE,PFC,TimeSec,NumRows,NumCols
0.05,MICE,3.742851422409915,0.03063241106719368,1.1461491584777832,506,14
0.05,FAMD,3.5691563752835602,0.05138339920948616,0.07714414596557617,506,14
0.05,missForest,2.5253766043890336,0.05039525691699605,5.020823001861572,506,14
0.05,MIDAS,7.980984445279926,0.05138339920948616,10.092895030975342,506,14
