MissingRate,Method,RMSE,PFC,TimeSec,NumRows,NumCols
0.05,MICE,2.771448895549225,0.022300884955752213,26.449393033981323,6780,8
0.05,FAMD,2.08847851371145,0.01976401179941003,0.621661901473999,6780,8
0.1,MICE,3.7389726261563863,0.047227138643067844,25.13815689086914,6780,8
0.1,FAMD,2.831324352004486,0.03896755162241888,0.8501319885253906,6780,8
0.15,MICE,4.547758814395501,0.07017699115044249,24.060500860214233,6780,8
0.15,FAMD,3.4602718453755075,0.05787610619469027,1.0684120655059814,6780,8
