MissingRate,Method,RMSE,PFC,TimeSec,NumRows,NumCols
0.05,MICE,24.347610255153565,0,6.697299003601074,1186,11
0.05,FAMD,23.83886473165788,0,26.692190885543823,1186,11
0.05,missForest,24.19519058886081,0,17.73886203765869,1186,11
