MissingRate,Method,RMSE,PFC,TimeSec,NumRows,NumCols
0.05,MICE,2.771448895549225,0.022300884955752213,26.353543996810913,6780,8
0.05,FAMD,2.08847851371145,0.01976401179941003,0.6210408210754395,6780,8
0.05,missForest,1.9051482072461554,0.02023598820058997,126.37806987762451,6780,8
0.1,MICE,3.7389726261563863,0.047227138643067844,24.500017881393433,6780,8
0.1,FAMD,2.831324352004486,0.03896755162241888,0.686460018157959,6780,8
0.1,missForest,2.601355789357361,0.0440117994100295,109.0651581287384,6780,8
0.15,MICE,4.547758814395501,0.07017699115044249,23.081244945526123,6780,8
0.15,FAMD,3.4602718453755075,0.05787610619469027,0.9520549774169922,6780,8
0.15,missForest,3.234984803565676,0.0640117994100295,131.0255959033966,6780,8
