MissingRate,Method,RMSE,PFC,TimeSec,NumRows,NumCols
0.05,MICE,1.5633038232025833,0.01282051282051282,1.511746883392334,1014,7
0.05,missForest,0.7049394947871683,0.019230769230769232,2.712632894515991,1014,7
0.05,MIDAS,2.637234701701741,0.022682445759368838,13.005362033843994,1014,7
