MissingRate,Method,RMSE,PFC,TimeSec,NumRows,NumCols
0.05,MICE,295.08186710594055,0.002375,14.761498928070068,1000,20
0.05,FAMD,265.1135499633431,0.00525,0.5915191173553467,1000,20
0.05,missForest,232.9116996066002,0.0015000000000000002,44.513110876083374,1000,20
