MissingRate,Method,RMSE,PFC,TimeSec,NumRows,NumCols
0.05,MICE,2.923895006865532,0.01700624383831745,341.9038450717926,358,35
0.05,FAMD,2.053173256434384,NA,1.2729871273040771,358,35
0.05,missForest,2.0931510785286873,0.013227078540913572,3.5016229152679443,358,35
0.05,MIDAS,3.152129181723929,0.05381202760433783,12.081976890563965,358,35
