MissingRate,Method,RMSE,PFC,TimeSec,NumRows,NumCols
0.05,MICE,0.18354318509023448,0.027440026289845546,6.301208019256592,358,35
0.05,FAMD,0.18760620675540549,0.05381202760433783,0.18720793724060059,358,35
0.05,missForest,0.16377421244494852,0.05274400262898456,5.710860967636108,358,35
0.05,MIDAS,0.28872347629381745,0.05381202760433783,11.71452808380127,358,35
