MissingRate,Method,RMSE,PFC,TimeSec,NumRows,NumCols
0.05,MICE,0.8786783632603049,0,6.4849700927734375,569,32
0.05,missForest,1.3416463585567404,0,32.37116289138794,569,32
