MissingRate,Method,RMSE,PFC,TimeSec,NumRows,NumCols
0.05,MICE,4.113847461811233,0,3.741316080093384,615,13
0.05,FAMD,3.7917888771308603,0,0.07184505462646484,615,13
0.05,missForest,3.603792111893098,0,6.492304801940918,615,13
0.05,MIDAS,4.596250939631663,0,11.653704166412354,615,13
