MissingRate,Method,RMSE,PFC,TimeSec,NumRows,NumCols
0.05,MICE,183.8400904563536,0.003833333333333333,12.0534508228302,1000,9
0.05,FAMD,147.4397994068205,0.0055,0.11683917045593262,1000,9
0.05,missForest,177.26215262464913,0.003833333333333333,6.629772901535034,1000,9
