MissingRate,Method,RMSE,PFC,TimeSec,NumRows,NumCols
0.05,MICE,2.771448895549225,0.022300884955752213,26.784512996673584,6780,8
0.05,FAMD,2.08847851371145,0.01976401179941003,0.6273071765899658,6780,8
0.1,MICE,3.7389726261563863,0.047227138643067844,24.884989976882935,6780,8
0.1,FAMD,2.831324352004486,0.03896755162241888,0.9197289943695068,6780,8
0.15,MICE,4.547758814395501,0.07017699115044249,24.520099878311157,6780,8
0.15,FAMD,3.4602718453755075,0.05787610619469027,0.9881999492645264,6780,8
