MissingRate,Method,RMSE,PFC,TimeSec,NumRows,NumCols
0.05,MICE,3.742851422409915,0.03063241106719368,1.1449100971221924,506,14
0.05,FAMD,3.5691563752835602,0.05138339920948616,0.0767970085144043,506,14
0.05,missForest,2.5253766043890336,0.05039525691699605,5.0650529861450195,506,14
0.05,MIDAS,7.981762639642397,0.05138339920948616,11.170917987823486,506,14
