MissingRate,Method,RMSE,PFC,TimeSec,NumRows,NumCols
0.05,MICE,2.923895006865532,0.01700624383831745,334.88249707221985,358,35
0.05,FAMD,2.053173256434384,NA,1.2641119956970215,358,35
0.05,missForest,2.0931510785286873,0.013227078540913572,3.3734569549560547,358,35
