MissingRate,Method,RMSE,PFC,TimeSec,NumRows,NumCols
0.05,MIDAS,23.459924462377852,0.04449152542372881,8.12807583808899,354,10
