MissingRate,Method,RMSE,PFC,TimeSec,NumRows,NumCols
0.05,MICE,133.77728285056156,0,10.10675597190857,1000,12
0.05,FAMD,125.0205280754301,0,0.10966300964355469,1000,12
0.05,missForest,126.00932257541504,0,15.421523094177246,1000,12
