MissingRate,Method,RMSE,PFC,TimeSec,NumRows,NumCols
0.05,MICE,1.5633038232025833,0.01282051282051282,1.4954380989074707,1014,7
0.05,missForest,0.7049394947871683,0.019230769230769232,2.5772957801818848,1014,7
0.05,MIDAS,0.5014144927915218,0.022682445759368838,13.312609910964966,1014,7
