MissingRate,Method,RMSE,PFC,TimeSec,NumRows,NumCols
0.05,MICE,3.742851422409915,0.03063241106719368,1.1622250080108643,506,14
0.05,FAMD,3.5691563752835602,0.05138339920948616,0.08745098114013672,506,14
0.05,missForest,2.5253766043890336,0.05039525691699605,4.980975151062012,506,14
0.05,MIDAS,7.978999138532385,0.05138339920948616,10.335334062576294,506,14
