MissingRate,Method,RMSE,PFC,TimeSec,NumRows,NumCols
0.05,MICE,0.6923406423901668,0.021317080928795383,1.755831003189087,373,10
0.05,FAMD,2.9156123479925355,0.00804289544235925,0.11168599128723145,373,10
0.05,missForest,1.3023153743568239,0.02667901122370155,1.720005989074707,373,10
0.1,MICE,2.667511952080883,0.04065941139940322,1.3659021854400635,373,10
0.1,FAMD,4.726903569247555,0.024128686327077747,0.21951699256896973,373,10
0.1,missForest,2.9127010025608353,0.05473447842353191,3.27898907661438,373,10
0.15,MICE,2.9859138397533993,0.060492116144862995,1.3360741138458252,373,10
0.15,FAMD,5.3617188611708535,0.02680965147453083,0.22536206245422363,373,10
0.15,missForest,3.4872951268565644,0.07728412171884703,2.6321020126342773,373,10
