MissingRate,Method,RMSE,PFC,TimeSec,NumRows,NumCols
0.05,MICE,0.30671513622482527,0.028425694702725678,39.80750489234924,649,33
0.05,FAMD,0.7259125213639117,0.015921931176168466,0.60857391357421875,649,33
0.05,missForest,0.31691004036803083,0.030550980287976197,24.91272807121277,649,33
0.1,MICE,0.43715792633981815,0.05759523936028904,38.053601026535034,649,33
0.1,FAMD,0.9295304319895328,0.03364149974319466,0.378568172454834,649,33
0.1,missForest,0.41971134349072425,0.05966739280590829,19.237004041671753,649,33
0.15,MICE,0.5134843308625574,0.08740236969342756,36.84762001037598,649,33
0.15,FAMD,1.06629284731579,0.05264509501797637,0.6658389568328857,649,33
0.15,missForest,0.505302920856348,0.0929281122150789,27.532905101776123,649,33
