File,NClusters,Method,MissingRate,ARI,OriginalEntropy,OriginalMutInfo,ImputedEntropy,ImputedMutInfo,ClusteringTimeSec,NRows,NCols
ty_hepatitis_data_famd_0.05_imputed.feather,2.0,0.05,0.05,0.8057112174635184,0.9606141661084069,0.07636917336301252,0.9572341709353771,0.08155241126246793,12.462557315826416,615,13
ty_hepatitis_data_famd_0.10_imputed.feather,2.0,0.10,0.1,0.7692722983141299,0.9606141661084069,0.07636917336301252,0.9524652280970425,0.07307585576475795,13.562460899353027,615,13
ty_hepatitis_data_famd_0.15_imputed.feather,2.0,0.15,0.15,0.6763082342663046,0.9606141661084069,0.07636917336301252,0.9499829426922233,0.07532765108120643,12.849049806594849,615,13
ty_hepatitis_data_mice_0.05_imputed.feather,2.0,0.05,0.05,0.7996459818343198,0.9606141661084069,0.07636917336301252,0.9595212772858948,0.0820251120854607,12.817669153213501,615,13
ty_hepatitis_data_mice_0.10_imputed.feather,2.0,0.10,0.1,0.7635167410677131,0.9606141661084069,0.07636917336301252,0.9659956766015669,0.07808866744670162,13.863672018051147,615,13
ty_hepatitis_data_mice_0.15_imputed.feather,2.0,0.15,0.15,0.7051787275606242,0.9606141661084069,0.07636917336301252,0.9709505944546689,0.08261803737758733,13.416029453277588,615,13
ty_hepatitis_data_missforest_0.05_imputed.feather,2.0,0.05,0.05,0.8180774147181021,0.9606141661084069,0.07636917336301252,0.9595212772858945,0.08193776729813074,12.781911611557007,615,13
ty_hepatitis_data_missforest_0.10_imputed.feather,2.0,0.10,0.1,0.8119914814385646,0.9606141661084069,0.07636917336301252,0.967018580103585,0.07883013107618098,13.171594858169556,615,13
ty_hepatitis_data_missforest_0.15_imputed.feather,2.0,0.15,0.15,0.7282393172082057,0.9606141661084069,0.07636917336301252,0.967018580103585,0.07568328949883707,12.633026361465454,615,13
