File,NClusters,Method,MissingRate,ARI,OriginalEntropy,OriginalMutInfo,ImputedEntropy,ImputedMutInfo,ClusteringTimeSec,NRows,NCols
ty_hepatitis_data_famd_0.05_imputed.feather,5.0,0.05,0.05,0.7613982871761654,1.1076206533303063,0.1050598298128751,1.3885614577623282,0.11837066864330303,18.13318395614624,615,13
ty_hepatitis_data_famd_0.10_imputed.feather,5.0,0.10,0.1,0.7207440295179725,1.1076206533303063,0.1050598298128751,1.3860282574738816,0.10278982717937168,19.1482994556427,615,13
ty_hepatitis_data_famd_0.15_imputed.feather,5.0,0.15,0.15,0.6506301617556456,1.1076206533303063,0.1050598298128751,1.3764394844071628,0.11058714076300724,15.878857135772705,615,13
ty_hepatitis_data_mice_0.05_imputed.feather,5.0,0.05,0.05,0.7631618473943691,1.1076206533303063,0.1050598298128751,1.4431854675237534,0.11919485248428963,16.76794457435608,615,13
ty_hepatitis_data_mice_0.10_imputed.feather,5.0,0.10,0.1,0.7588931380292101,1.1076206533303063,0.1050598298128751,1.0213419649850304,0.10467432248052866,17.51387906074524,615,13
ty_hepatitis_data_mice_0.15_imputed.feather,5.0,0.15,0.15,0.7136367619260419,1.1076206533303063,0.1050598298128751,1.0296454649336173,0.11351288728940467,17.196462869644165,615,13
ty_hepatitis_data_missforest_0.05_imputed.feather,5.0,0.05,0.05,0.8058701828425653,1.1076206533303063,0.1050598298128751,1.0663517810198422,0.11058139498518393,19.304836988449097,615,13
ty_hepatitis_data_missforest_0.10_imputed.feather,5.0,0.10,0.1,0.7954550169269626,1.1076206533303063,0.1050598298128751,1.3700407311407856,0.10239817869838674,17.86469531059265,615,13
ty_hepatitis_data_missforest_0.15_imputed.feather,5.0,0.15,0.15,0.700342987941105,1.1076206533303063,0.1050598298128751,1.5486867843311596,0.09521320151157653,17.04023766517639,615,13
