File,NClusters,Method,MissingRate,ARI,OriginalEntropy,OriginalMutInfo,ImputedEntropy,ImputedMutInfo,ClusteringTimeSec,NRows,NCols
ty_hepatitis_data_famd_0.05_imputed.feather,3.0,0.05,0.05,0.8090070727731976,1.0229654915825441,0.09803024434138763,1.0708572546653135,0.10486506109310056,16.768149375915527,615,13
ty_hepatitis_data_famd_0.10_imputed.feather,3.0,0.10,0.1,0.7664261847237733,1.0229654915825441,0.09803024434138763,1.0226310653826662,0.09570197972833938,17.310839414596558,615,13
ty_hepatitis_data_famd_0.15_imputed.feather,3.0,0.15,0.15,0.6826379752453228,1.0229654915825441,0.09803024434138763,1.0089213654285227,0.09908816166905332,17.92000961303711,615,13
ty_hepatitis_data_mice_0.05_imputed.feather,3.0,0.05,0.05,0.8030132714165986,1.0229654915825441,0.09803024434138763,1.0296612100809666,0.10759804447266674,18.1312358379364,615,13
ty_hepatitis_data_mice_0.10_imputed.feather,3.0,0.10,0.1,0.7705959614667695,1.0229654915825441,0.09803024434138763,1.0251851272608867,0.10058503231877758,16.55848503112793,615,13
ty_hepatitis_data_mice_0.15_imputed.feather,3.0,0.15,0.15,0.7192114079347792,1.0229654915825441,0.09803024434138763,1.0302221390166826,0.10718773484000543,15.715054988861084,615,13
ty_hepatitis_data_missforest_0.05_imputed.feather,3.0,0.05,0.05,0.822992371744567,1.0229654915825441,0.09803024434138763,1.010475196511475,0.10441639215708598,15.562931776046753,615,13
ty_hepatitis_data_missforest_0.10_imputed.feather,3.0,0.10,0.1,0.8193547551509726,1.0229654915825441,0.09803024434138763,1.0262247590751326,0.10211294328245835,16.56171178817749,615,13
ty_hepatitis_data_missforest_0.15_imputed.feather,3.0,0.15,0.15,0.7352576956285263,1.0229654915825441,0.09803024434138763,1.0262247590751328,0.09814164913692025,16.436381340026855,615,13
