File,NClusters,Method,MissingRate,ARI,OriginalEntropy,OriginalMutInfo,ImputedEntropy,ImputedMutInfo,ClusteringTimeSec,NRows,NCols
ty_hypertension_data_famd_0.05_imputed.feather,3.0,0.05,0.05,0.9058166665908859,1.5770684867916573,0.11795449512999312,1.5685895269845624,0.12223932087308675,124.23397088050842,1186,11
ty_hypertension_data_famd_0.10_imputed.feather,3.0,0.10,0.1,0.829045806884282,1.5770684867916573,0.11795449512999312,1.5578216638467655,0.12022241520759813,122.84411668777466,1186,11
ty_hypertension_data_famd_0.15_imputed.feather,3.0,0.15,0.15,0.29568566150648057,1.5770684867916573,0.11795449512999312,1.5564344397140428,0.1176438837385465,115.30136966705322,1186,11
ty_hypertension_data_mice_0.05_imputed.feather,3.0,0.05,0.05,0.8870104558113205,1.5770684867916573,0.11795449512999312,1.5758884788773417,0.12557362580178477,107.63384914398193,1186,11
ty_hypertension_data_mice_0.10_imputed.feather,3.0,0.10,0.1,0.820765675586214,1.5770684867916573,0.11795449512999312,1.5757234930282356,0.12555280970707372,129.57915329933167,1186,11
ty_hypertension_data_mice_0.15_imputed.feather,3.0,0.15,0.15,0.6928454183354167,1.5770684867916573,0.11795449512999312,1.569590922189731,0.12345221398797968,143.88888025283813,1186,11
ty_hypertension_data_missforest_0.05_imputed.feather,3.0,0.05,0.05,0.8954127069850574,1.5770684867916573,0.11795449512999312,1.573359090228271,0.12506190558108266,126.59070444107056,1186,11
ty_hypertension_data_missforest_0.10_imputed.feather,3.0,0.10,0.1,0.7968870790333539,1.5770684867916573,0.11795449512999312,1.5720387770227178,0.12649426814106768,123.54773759841919,1186,11
ty_hypertension_data_missforest_0.15_imputed.feather,3.0,0.15,0.15,0.6865155866099998,1.5770684867916573,0.11795449512999312,1.5689458062920845,0.12661232077381435,138.91069960594177,1186,11
