File,NClusters,Method,MissingRate,ARI,OriginalEntropy,OriginalMutInfo,ImputedEntropy,ImputedMutInfo,ClusteringTimeSec,NRows,NCols
ty_hypertension_data_famd_0.05_imputed.feather,2.0,0.05,0.05,0.9109357478088395,0.9999261509236732,0.08234128028999876,0.9977649491252611,0.08604703877078101,65.08693647384644,1186,11
ty_hypertension_data_famd_0.10_imputed.feather,2.0,0.10,0.1,0.8321696350471878,0.9999261509236732,0.08234128028999876,0.9930882871428153,0.08566462279731901,65.56840014457703,1186,11
ty_hypertension_data_famd_0.15_imputed.feather,2.0,0.15,0.15,0.7192615864456008,0.9999261509236732,0.08234128028999876,0.9810115039475944,0.08387369288940683,69.87120771408081,1186,11
ty_hypertension_data_mice_0.05_imputed.feather,2.0,0.05,0.05,0.9173906171181101,0.9999261509236732,0.08234128028999876,0.9998338360339702,0.08712204649322075,71.89560556411743,1186,11
ty_hypertension_data_mice_0.10_imputed.feather,2.0,0.10,0.1,0.8507480919028769,0.9999261509236732,0.08234128028999876,0.9999671784994351,0.0874642607498135,73.61665534973145,1186,11
ty_hypertension_data_mice_0.15_imputed.feather,2.0,0.15,0.15,0.7221222014017334,0.9999261509236732,0.08234128028999876,0.9999815379671848,0.08702791026435719,72.99059891700745,1186,11
ty_hypertension_data_missforest_0.05_imputed.feather,2.0,0.05,0.05,0.9173906031723796,0.9999261509236732,0.08234128028999876,0.9999979486707979,0.08728670028635754,68.20608758926392,1186,11
ty_hypertension_data_missforest_0.10_imputed.feather,2.0,0.10,0.1,0.8383389762296204,0.9999261509236732,0.08234128028999876,0.9994747962379087,0.0887138605547193,77.55508613586426,1186,11
ty_hypertension_data_missforest_0.15_imputed.feather,2.0,0.15,0.15,0.7163960663087119,0.9999261509236732,0.08234128028999876,0.9989145751296804,0.08930656190952213,76.54384136199951,1186,11
