File,NClusters,Method,MissingRate,ARI,OriginalEntropy,OriginalMutInfo,ImputedEntropy,ImputedMutInfo,ClusteringTimeSec,NRows,NCols
ty_hypertension_data_famd_0.05_imputed.feather,5.0,0.05,0.05,0.6130128713040178,2.2144121189190513,0.16120351881928485,2.195394734588589,0.16673614248793278,241.80132007598877,1186,11
ty_hypertension_data_famd_0.10_imputed.feather,5.0,0.10,0.1,0.5097119299780607,2.2144121189190513,0.16120351881928485,2.2951325530814564,0.16627153836324915,236.9717366695404,1186,11
ty_hypertension_data_famd_0.15_imputed.feather,5.0,0.15,0.15,0.3365047150508065,2.2144121189190513,0.16120351881928485,2.258123835448905,0.16265001690467784,256.5722887516022,1186,11
ty_hypertension_data_mice_0.05_imputed.feather,5.0,0.05,0.05,0.5614649851566426,2.2144121189190513,0.16120351881928485,2.2223335540785594,0.17193635782260408,236.453129529953,1186,11
ty_hypertension_data_mice_0.10_imputed.feather,5.0,0.10,0.1,0.7873258868954692,2.2144121189190513,0.16120351881928485,2.21664234101554,0.17201138430668195,254.86395859718323,1186,11
ty_hypertension_data_mice_0.15_imputed.feather,5.0,0.15,0.15,0.45401394327628913,2.2144121189190513,0.16120351881928485,2.285295031877552,0.16857531968828354,281.1102783679962,1186,11
ty_hypertension_data_missforest_0.05_imputed.feather,5.0,0.05,0.05,0.5650661383183399,2.2144121189190513,0.16120351881928485,2.288146034269086,0.17075027351493866,244.50712394714355,1186,11
ty_hypertension_data_missforest_0.10_imputed.feather,5.0,0.10,0.1,0.7924111295573356,2.2144121189190513,0.16120351881928485,2.210854870741347,0.17295015106728506,258.8954300880432,1186,11
ty_hypertension_data_missforest_0.15_imputed.feather,5.0,0.15,0.15,0.6479175672967594,2.2144121189190513,0.16120351881928485,2.2048419191817565,0.17384623784153597,284.78211855888367,1186,11
