File,NClusters,Method,MissingRate,ARI,OriginalEntropy,OriginalMutInfo,ImputedEntropy,ImputedMutInfo,ClusteringTimeSec,NRows,NCols
ty_manila.flood_data_famd_0.05_imputed.feather,2.0,0.05,0.05,0.9400068236814042,0.9162295993212604,0.8289267587753972,0.9264176153950975,0.827981019952567,8263.59842824936,7308,6
ty_manila.flood_data_famd_0.10_imputed.feather,2.0,0.10,0.1,0.9345934416827509,0.9162295993212604,0.8289267587753972,0.9214109676326108,0.8254283837354262,7313.013738870621,7308,6
ty_manila.flood_data_famd_0.15_imputed.feather,2.0,0.15,0.15,0.8602980025195137,0.9162295993212604,0.8289267587753972,0.934458508211008,0.821755018256999,6413.553064823151,7308,6
ty_manila.flood_data_mice_0.05_imputed.feather,2.0,0.05,0.05,0.9357305113031072,0.9162295993212604,0.8289267587753972,0.927962572943084,0.8302121632701116,8798.222779750824,7308,6
ty_manila.flood_data_mice_0.10_imputed.feather,2.0,0.10,0.1,0.9266026680769267,0.9162295993212604,0.8289267587753972,0.9241993127701604,0.8281344968399509,8169.234690904617,7308,6
ty_manila.flood_data_mice_0.15_imputed.feather,2.0,0.15,0.15,0.8680232683007846,0.9162295993212604,0.8289267587753972,0.9348234540877098,0.823459512150075,6394.130995988846,7308,6
ty_manila.flood_data_missforest_0.05_imputed.feather,2.0,0.05,0.05,0.9384073441720427,0.9162295993212604,0.8289267587753972,0.9275779526473238,0.8311799275605676,8982.653085231781,7308,6
ty_manila.flood_data_missforest_0.10_imputed.feather,2.0,0.10,0.1,0.897623094897904,0.9162295993212604,0.8289267587753972,0.9324940780330954,0.8295191714071795,7500.151323080063,7308,6
ty_manila.flood_data_missforest_0.15_imputed.feather,2.0,0.15,0.15,0.8759778459958291,0.9162295993212604,0.8289267587753972,0.8908730286647129,0.7562072159278639,4510.909198284149,7308,6
