File,NClusters,Method,MissingRate,ARI,OriginalEntropy,OriginalMutInfo,ImputedEntropy,ImputedMutInfo,ClusteringTimeSec,NRows,NCols
ty_manila.flood_data_famd_0.05_imputed.feather,3.0,0.05,0.05,0.898881453785036,1.5237528263729958,1.2878738805379566,1.535337556614724,1.2798937734856608,8736.609138250351,7308,6
ty_manila.flood_data_famd_0.10_imputed.feather,3.0,0.10,0.1,0.8032524825314256,1.5237528263729958,1.2878738805379566,1.5436082446079444,1.2806784321864715,8707.735489845276,7308,6
ty_manila.flood_data_famd_0.15_imputed.feather,3.0,0.15,0.15,0.819875300949933,1.5237528263729958,1.2878738805379566,1.5267765548539727,1.2769229570705996,9129.494250774384,7308,6
ty_manila.flood_data_mice_0.05_imputed.feather,3.0,0.05,0.05,0.9231996329884904,1.5237528263729958,1.2878738805379566,1.5300291229530034,1.2833627965266796,11228.291221618652,7308,6
ty_manila.flood_data_mice_0.10_imputed.feather,3.0,0.10,0.1,0.8482938214163716,1.5237528263729958,1.2878738805379566,1.537484762868168,1.2871750052642597,9294.554251194,7308,6
ty_manila.flood_data_mice_0.15_imputed.feather,3.0,0.15,0.15,0.7974338164749085,1.5237528263729958,1.2878738805379566,1.5373921539272974,1.2755677652638795,10178.069187641144,7308,6
ty_manila.flood_data_missforest_0.05_imputed.feather,3.0,0.05,0.05,0.9243616092278172,1.5237528263729958,1.2878738805379566,1.530763404448035,1.28568386154112,11756.598063707352,7308,6
ty_manila.flood_data_missforest_0.10_imputed.feather,3.0,0.10,0.1,0.8893518400380892,1.5237528263729958,1.2878738805379566,1.5233863803333163,1.2852796780315412,9463.832424879074,7308,6
ty_manila.flood_data_missforest_0.15_imputed.feather,3.0,0.15,0.15,0.8215686627704406,1.5237528263729958,1.2878738805379566,1.4928150397748674,1.123525153567158,6559.659282445908,7308,6
