File,NClusters,Method,MissingRate,ARI,OriginalEntropy,OriginalMutInfo,ImputedEntropy,ImputedMutInfo,ClusteringTimeSec,NRows,NCols
ty_stars_data_famd_0.05_imputed.feather,3.0,0.05,0.05,0.39861358039464356,1.377223567788123,1.0808407394439659,1.583520016576566,1.0155675082429108,3.2863872051239014,240,7
ty_stars_data_famd_0.10_imputed.feather,3.0,0.10,0.1,0.44031025014516206,1.377223567788123,1.0808407394439659,1.5721093632552736,1.1238181097703732,3.3614447116851807,240,7
ty_stars_data_famd_0.15_imputed.feather,3.0,0.15,0.15,0.40281399501755377,1.377223567788123,1.0808407394439659,1.5819960674892322,1.0724439413190971,3.4572741985321045,240,7
ty_stars_data_mice_0.05_imputed.feather,3.0,0.05,0.05,0.7256376095927901,1.377223567788123,1.0808407394439659,1.4350729122722576,1.1320646582629008,3.340623140335083,240,7
ty_stars_data_missforest_0.05_imputed.feather,3.0,0.05,0.05,0.3953336252617062,1.377223567788123,1.0808407394439659,1.5844336029174984,1.1595869441110018,3.392313003540039,240,7
ty_stars_data_missforest_0.10_imputed.feather,3.0,0.10,0.1,0.7930722175025978,1.377223567788123,1.0808407394439659,1.2915826529964796,1.1262457049954815,3.31230092048645,240,7
ty_stars_data_missforest_0.15_imputed.feather,3.0,0.15,0.15,0.38978756630924294,1.377223567788123,1.0808407394439659,1.5844336029174984,1.1603669492956872,3.0396735668182373,240,7
