File,NClusters,Method,MissingRate,ARI,OriginalEntropy,OriginalMutInfo,ImputedEntropy,ImputedMutInfo,ClusteringTimeSec,NRows,NCols
ty_stars_data_famd_0.05_imputed.feather,5.0,0.05,0.05,0.8858380874796375,2.1632473365192886,1.5137240038573045,2.1346623884114306,1.3833977981640233,4.915876865386963,240,7
ty_stars_data_famd_0.10_imputed.feather,5.0,0.10,0.1,0.8731440022922715,2.1632473365192886,1.5137240038573045,2.112388223064884,1.5444210099211793,5.185495376586914,240,7
ty_stars_data_famd_0.15_imputed.feather,5.0,0.15,0.15,0.8400568040377646,2.1632473365192886,1.5137240038573045,2.1759926440427044,1.4422275003265357,4.6278862953186035,240,7
ty_stars_data_mice_0.05_imputed.feather,5.0,0.05,0.05,0.9128039214120772,2.1632473365192886,1.5137240038573045,2.083246735028176,1.602282460526494,5.379036903381348,240,7
ty_stars_data_missforest_0.05_imputed.feather,5.0,0.05,0.05,0.8778235321747216,2.1632473365192886,1.5137240038573045,2.088479575519512,1.5830443389432265,5.3656041622161865,240,7
ty_stars_data_missforest_0.10_imputed.feather,5.0,0.10,0.1,0.9343285501103009,2.1632473365192886,1.5137240038573045,2.1574084750078137,1.6011695005609994,4.990192174911499,240,7
ty_stars_data_missforest_0.15_imputed.feather,5.0,0.15,0.15,0.8867453395084812,2.1632473365192886,1.5137240038573045,2.1209257304277855,1.5981577806252165,4.676954984664917,240,7
