File,NClusters,Method,MissingRate,ARI,OriginalEntropy,OriginalMutInfo,ImputedEntropy,ImputedMutInfo,ClusteringTimeSec,NRows,NCols
ty_stars_data_famd_0.05_imputed.feather,2.0,0.05,0.05,0.8858552035531301,0.963167245091883,0.7683597742247104,0.9412910282277049,0.7181981403549864,2.2434322834014893,240,7
ty_stars_data_famd_0.10_imputed.feather,2.0,0.10,0.1,0.8235430011661782,0.963167245091883,0.7683597742247104,0.9264046681474138,0.7831860526568066,2.3522515296936035,240,7
ty_stars_data_famd_0.15_imputed.feather,2.0,0.15,0.15,0.8544355895478589,0.963167245091883,0.7683597742247104,0.9340680553754908,0.7427696637914627,2.1709771156311035,240,7
ty_stars_data_mice_0.05_imputed.feather,2.0,0.05,0.05,0.8389235227082743,0.963167245091883,0.7683597742247104,0.9302917190344343,0.8014519206434434,1.9917469024658203,240,7
ty_stars_data_missforest_0.05_imputed.feather,2.0,0.05,0.05,0.9340695560397743,0.963167245091883,0.7683597742247104,0.9733358170607639,0.8162019778986247,2.356466293334961,240,7
ty_stars_data_missforest_0.10_imputed.feather,2.0,0.10,0.1,0.9178368316864127,0.963167245091883,0.7683597742247104,0.9544340029249648,0.794361048996163,2.0713043212890625,240,7
ty_stars_data_missforest_0.15_imputed.feather,2.0,0.15,0.15,0.917923583721861,0.963167245091883,0.7683597742247104,0.9709505944546684,0.811467005968356,2.0805513858795166,240,7
