File,NClusters,Method,MissingRate,ARI,OriginalEntropy,OriginalMutInfo,ImputedEntropy,ImputedMutInfo,ClusteringTimeSec,NRows,NCols
ty_statlog_data_famd_0.05_imputed.feather,3.0,0.05,0.05,0.8412983989868151,1.473694924239517,0.07450225353080953,1.4670046754815718,0.06859447032455535,164.85031962394714,1000,21
ty_statlog_data_famd_0.10_imputed.feather,3.0,0.10,0.1,0.7262495343186615,1.473694924239517,0.07450225353080953,1.44716535530297,0.07120701943270369,164.814115524292,1000,21
ty_statlog_data_famd_0.15_imputed.feather,3.0,0.15,0.15,0.6367945682737043,1.473694924239517,0.07450225353080953,1.497531962697718,0.06803303044692122,165.70487761497498,1000,21
ty_statlog_data_mice_0.05_imputed.feather,3.0,0.05,0.05,0.8794475211651689,1.473694924239517,0.07450225353080953,1.470462523597873,0.07559128092518286,130.23148727416992,1000,21
ty_statlog_data_mice_0.10_imputed.feather,3.0,0.10,0.1,0.7495440288829186,1.473694924239517,0.07450225353080953,1.4654526369738803,0.0722145588725418,127.23747038841248,1000,21
ty_statlog_data_mice_0.15_imputed.feather,3.0,0.15,0.15,0.6962998730251408,1.473694924239517,0.07450225353080953,1.477469414127497,0.0719178762897279,131.21290922164917,1000,21
ty_statlog_data_missforest_0.05_imputed.feather,3.0,0.05,0.05,0.8694719892562371,1.473694924239517,0.07450225353080953,1.4629842474108978,0.07119961857042156,134.4650363922119,1000,21
ty_statlog_data_missforest_0.10_imputed.feather,3.0,0.10,0.1,0.784669288798799,1.473694924239517,0.07450225353080953,1.450532246745433,0.07358543430630426,168.50326132774353,1000,21
ty_statlog_data_missforest_0.15_imputed.feather,3.0,0.15,0.15,0.6864664868939634,1.473694924239517,0.07450225353080953,1.48929756463271,0.07645232281553227,138.39790868759155,1000,21
