File,NClusters,Method,MissingRate,ARI,OriginalEntropy,OriginalMutInfo,ImputedEntropy,ImputedMutInfo,ClusteringTimeSec,NRows,NCols
ty_statlog_data_famd_0.05_imputed.feather,2.0,0.05,0.05,0.7706279810635398,0.9854054682825983,0.04530819520786622,0.9949041692998881,0.04297688925977461,118.2057089805603,1000,21
ty_statlog_data_famd_0.10_imputed.feather,2.0,0.10,0.1,0.6885298793934584,0.9854054682825983,0.04530819520786622,0.9921837794387308,0.0459935545800505,86.87470054626465,1000,21
ty_statlog_data_famd_0.15_imputed.feather,2.0,0.15,0.15,0.6784472134452157,0.9854054682825983,0.04530819520786622,0.974898337399944,0.04369338694858094,104.23130965232849,1000,21
ty_statlog_data_mice_0.05_imputed.feather,2.0,0.05,0.05,0.8647008523313086,0.9854054682825983,0.04530819520786622,0.9814538950336533,0.04624528251890503,92.44889235496521,1000,21
ty_statlog_data_mice_0.10_imputed.feather,2.0,0.10,0.1,0.7496317445446485,0.9854054682825983,0.04530819520786622,0.9881489563064274,0.044241869958256075,104.05205130577087,1000,21
ty_statlog_data_mice_0.15_imputed.feather,2.0,0.15,0.15,0.6852073950140398,0.9854054682825983,0.04530819520786622,0.9918796925533506,0.04386433588682337,100.01999688148499,1000,21
ty_statlog_data_missforest_0.05_imputed.feather,2.0,0.05,0.05,0.8388245899569068,0.9854054682825983,0.04530819520786622,0.9828242523039046,0.04381674431447635,112.37499141693115,1000,21
ty_statlog_data_missforest_0.10_imputed.feather,2.0,0.10,0.1,0.7461697344369987,0.9854054682825983,0.04530819520786622,0.988517390389156,0.04650460762892017,92.10017561912537,1000,21
ty_statlog_data_missforest_0.15_imputed.feather,2.0,0.15,0.15,0.7358269740128082,0.9854054682825983,0.04530819520786622,0.9888799605926123,0.0479980573165566,96.65620589256287,1000,21
