File,NClusters,Method,MissingRate,ARI,OriginalEntropy,OriginalMutInfo,ImputedEntropy,ImputedMutInfo,ClusteringTimeSec,NRows,NCols
ty_statlog_data_famd_0.05_imputed.feather,5.0,0.05,0.05,0.7549009887545967,2.1970399563153804,0.10017415974606969,2.19804021216103,0.09199276888002217,255.47289729118347,1000,21
ty_statlog_data_famd_0.10_imputed.feather,5.0,0.10,0.1,0.6596961856415825,2.1970399563153804,0.10017415974606969,2.1746416279836756,0.09446478891742771,287.65261602401733,1000,21
ty_statlog_data_famd_0.15_imputed.feather,5.0,0.15,0.15,0.38952433601304365,2.1970399563153804,0.10017415974606969,2.2289028142158305,0.08994821593028846,272.96724700927734,1000,21
ty_statlog_data_mice_0.05_imputed.feather,5.0,0.05,0.05,0.7169885965814967,2.1970399563153804,0.10017415974606969,2.2066780361793144,0.10136051320336215,286.52161622047424,1000,21
ty_statlog_data_mice_0.10_imputed.feather,5.0,0.10,0.1,0.407387999266277,2.1970399563153804,0.10017415974606969,2.2011752547860644,0.09589872793842069,287.04527831077576,1000,21
ty_statlog_data_mice_0.15_imputed.feather,5.0,0.15,0.15,0.41020435021119156,2.1970399563153804,0.10017415974606969,2.226791373318091,0.09724636911203177,257.8178131580353,1000,21
ty_statlog_data_missforest_0.05_imputed.feather,5.0,0.05,0.05,0.4573847280428797,2.1970399563153804,0.10017415974606969,2.204096199315305,0.095486040102994,277.30890464782715,1000,21
ty_statlog_data_missforest_0.10_imputed.feather,5.0,0.10,0.1,0.42817647257181357,2.1970399563153804,0.10017415974606969,2.205100843840573,0.09864228817925103,261.2009046077728,1000,21
ty_statlog_data_missforest_0.15_imputed.feather,5.0,0.15,0.15,0.43184756097595517,2.1970399563153804,0.10017415974606969,2.2288498177130527,0.10393457615349533,292.0833377838135,1000,21
