File,NClusters,Method,MissingRate,ARI,OriginalEntropy,OriginalMutInfo,ImputedEntropy,ImputedMutInfo,ClusteringTimeSec,NRows,NCols
ty_weather_data_famd_0.05_imputed.feather,3.0,0.05,0.05,0.945678275709398,1.511577564362272,0.8200873118487735,1.5047341178928562,0.8188511094994624,21307.949402809143,13200,11
ty_weather_data_mice_0.05_imputed.feather,3.0,0.05,0.05,0.9636285575559216,1.511577564362272,0.8200873118487735,1.5114811058429407,0.8218857025539013,18050.22410273552,13200,11
ty_weather_data_missforest_0.05_imputed.feather,3.0,0.05,0.05,0.9684853092153605,1.511577564362272,0.8200873118487735,1.5140385458252172,0.8304079786773304,15894.996294260025,13200,11
