File,NClusters,Method,MissingRate,ARI,OriginalEntropy,OriginalMutInfo,ImputedEntropy,ImputedMutInfo,ClusteringTimeSec,NRows,NCols
ty_weather_data_famd_0.05_imputed.feather,5.0,0.05,0.05,0.9595099118776802,2.240719249386713,1.1408585404273506,2.2303631486386557,1.133553970995104,30054.30344057083,13200,11
ty_weather_data_mice_0.05_imputed.feather,5.0,0.05,0.05,0.9683284488009519,2.240719249386713,1.1408585404273506,2.2385668274751787,1.141809738388682,27244.86924648285,13200,11
ty_weather_data_missforest_0.05_imputed.feather,5.0,0.05,0.05,0.9750196186990184,2.240719249386713,1.1408585404273506,2.2416617888417982,1.1563764549496351,28034.935777187347,13200,11
