File,NClusters,Method,MissingRate,ARI,OriginalEntropy,OriginalMutInfo,ImputedEntropy,ImputedMutInfo,ClusteringTimeSec,NRows,NCols
ty_weather_data_famd_0.05_imputed.feather,2.0,0.05,0.05,0.9636666285311173,0.9988191418936996,0.5841242864887324,0.999138980912566,0.5878295810826693,11417.778147697449,13200,11
ty_weather_data_mice_0.05_imputed.feather,2.0,0.05,0.05,0.9717158018364704,0.9988191418936996,0.5841242864887324,0.999069649197085,0.5873758440326462,12321.745576143265,13200,11
ty_weather_data_missforest_0.05_imputed.feather,2.0,0.05,0.05,0.9834014769678359,0.9988191418936996,0.5841242864887324,0.9987381681479581,0.5910814601085033,12290.972401618958,13200,11
