File,NClusters,Method,MissingRate,ARI,OriginalEntropy,OriginalMutInfo,ImputedEntropy,ImputedMutInfo,ClusteringTimeSec,NRows,NCols
ty_wine.red_data_famd_0.05_imputed.feather,2.0,0.05,0.05,0.10473965877594617,0.90862794694325,0.10615938782299317,0.9938948593318534,0.09575004627685679,191.11249423027039,1599,12
ty_wine.red_data_famd_0.10_imputed.feather,2.0,0.10,0.1,0.09633531089278494,0.90862794694325,0.10615938782299317,0.9963944911729155,0.09464745069823977,157.4526436328888,1599,12
ty_wine.red_data_famd_0.15_imputed.feather,2.0,0.15,0.15,0.10111971253795159,0.90862794694325,0.10615938782299317,0.9966454253869648,0.09870108854521753,170.75811624526978,1599,12
ty_wine.red_data_mice_0.05_imputed.feather,2.0,0.05,0.05,0.10379311950353536,0.90862794694325,0.10615938782299317,0.9930345870608956,0.09360773356061891,191.85881090164185,1599,12
ty_wine.red_data_mice_0.10_imputed.feather,2.0,0.10,0.1,0.09625354790885736,0.90862794694325,0.10615938782299317,0.9958653991145148,0.08667557921081404,212.9892909526825,1599,12
ty_wine.red_data_mice_0.15_imputed.feather,2.0,0.15,0.15,0.1036249140611877,0.90862794694325,0.10615938782299317,0.9972330850726008,0.08759742376403601,175.17561197280884,1599,12
ty_wine.red_data_missforest_0.05_imputed.feather,2.0,0.05,0.05,0.9078173017921294,0.90862794694325,0.10615938782299317,0.8882847255158324,0.10836633297667753,194.49295830726624,1599,12
ty_wine.red_data_missforest_0.10_imputed.feather,2.0,0.10,0.1,0.9128139305457074,0.90862794694325,0.10615938782299317,0.8969696633686937,0.1099086484669094,177.51221752166748,1599,12
ty_wine.red_data_missforest_0.15_imputed.feather,2.0,0.15,0.15,0.12141788367225538,0.90862794694325,0.10615938782299317,0.9861763323473915,0.10330765095295114,176.45973753929138,1599,12
