File,NClusters,Method,MissingRate,ARI,OriginalEntropy,OriginalMutInfo,ImputedEntropy,ImputedMutInfo,ClusteringTimeSec,NRows,NCols
ty_wine.white_data_famd_0.05_imputed.feather,3.0,0.05,0.05,0.847739914845461,1.5363506982301585,0.07839986919164055,1.5265671269782046,0.09215540251349097,3033.035779237747,4898,12
ty_wine.white_data_famd_0.10_imputed.feather,3.0,0.10,0.1,0.7793308908001721,1.5363506982301585,0.07839986919164055,1.512833084760692,0.09169890230027988,2532.891288280487,4898,12
ty_wine.white_data_famd_0.15_imputed.feather,3.0,0.15,0.15,0.6650351036398828,1.5363506982301585,0.07839986919164055,1.517666362446759,0.10307133681862624,3221.243246078491,4898,12
ty_wine.white_data_mice_0.05_imputed.feather,3.0,0.05,0.05,0.8734896587546929,1.5363506982301585,0.07839986919164055,1.5255584383698098,0.08856983096561599,2360.332126379013,4898,12
ty_wine.white_data_mice_0.10_imputed.feather,3.0,0.10,0.1,0.7945335410965597,1.5363506982301585,0.07839986919164055,1.5176330670978384,0.08675483918954363,2107.0666179656982,4898,12
ty_wine.white_data_mice_0.15_imputed.feather,3.0,0.15,0.15,0.7180414643108582,1.5363506982301585,0.07839986919164055,1.515113879370502,0.09370185853311774,2978.941974878311,4898,12
ty_wine.white_data_missforest_0.05_imputed.feather,3.0,0.05,0.05,0.8809082490284356,1.5363506982301585,0.07839986919164055,1.5285572978038786,0.09143295437029941,2802.900516271591,4898,12
ty_wine.white_data_missforest_0.10_imputed.feather,3.0,0.10,0.1,0.8293491962001026,1.5363506982301585,0.07839986919164055,1.5281914374269434,0.09359294720767508,2920.961437225342,4898,12
ty_wine.white_data_missforest_0.15_imputed.feather,3.0,0.15,0.15,0.7026954329652545,1.5363506982301585,0.07839986919164055,1.5406816018858214,0.10701391106002056,3197.5261900424957,4898,12
