File,NClusters,Method,MissingRate,ARI,OriginalEntropy,OriginalMutInfo,ImputedEntropy,ImputedMutInfo,ClusteringTimeSec,NRows,NCols
ty_wine.white_data_famd_0.05_imputed.feather,5.0,0.05,0.05,0.8246530137291855,2.274405599354069,0.08991834676327137,2.2942572708158924,0.11874380805970297,4770.359788894653,4898,12
ty_wine.white_data_famd_0.10_imputed.feather,5.0,0.10,0.1,0.7591531773968808,2.274405599354069,0.08991834676327137,2.2915989575085565,0.11602473150841774,4544.374874591827,4898,12
ty_wine.white_data_famd_0.15_imputed.feather,5.0,0.15,0.15,0.6681447595725087,2.274405599354069,0.08991834676327137,2.2925300408306746,0.13630659145306367,4903.341675758362,4898,12
ty_wine.white_data_mice_0.05_imputed.feather,5.0,0.05,0.05,0.8414045211738161,2.274405599354069,0.08991834676327137,2.292398417001011,0.11221593648631156,4457.905774354935,4898,12
ty_wine.white_data_mice_0.10_imputed.feather,5.0,0.10,0.1,0.7675248902912184,2.274405599354069,0.08991834676327137,2.290965327269546,0.10789417585384342,4258.494133472443,4898,12
ty_wine.white_data_mice_0.15_imputed.feather,5.0,0.15,0.15,0.6823993664855458,2.274405599354069,0.08991834676327137,2.296495225696651,0.12247629973916574,5391.789242982864,4898,12
ty_wine.white_data_missforest_0.05_imputed.feather,5.0,0.05,0.05,0.8457679103950486,2.274405599354069,0.08991834676327137,2.294954690011028,0.11862199756218317,3966.917846441269,4898,12
ty_wine.white_data_missforest_0.10_imputed.feather,5.0,0.10,0.1,0.8123310810509656,2.274405599354069,0.08991834676327137,2.2970760351687627,0.12116782436399554,4535.8026559352875,4898,12
ty_wine.white_data_missforest_0.15_imputed.feather,5.0,0.15,0.15,0.7603525716836403,2.274405599354069,0.08991834676327137,2.291469780962977,0.14481256744471693,4624.514225482941,4898,12
