File,NClusters,Method,MissingRate,ARI,OriginalEntropy,OriginalMutInfo,ImputedEntropy,ImputedMutInfo,ClusteringTimeSec,NRows,NCols
ty_wine.red_data_famd_0.05_imputed.feather,5.0,0.05,0.05,0.7390431345514249,2.0107879925322916,0.24775016124249483,1.7012171873243518,0.20846269434840714,511.727783203125,1599,12
ty_wine.red_data_famd_0.10_imputed.feather,5.0,0.10,0.1,0.7853311737631453,2.0107879925322916,0.24775016124249483,2.006593390179747,0.19671003669082232,498.16787457466125,1599,12
ty_wine.red_data_famd_0.15_imputed.feather,5.0,0.15,0.15,0.6352837632794656,2.0107879925322916,0.24775016124249483,1.6769926311184933,0.19815848278899217,508.913747549057,1599,12
ty_wine.red_data_mice_0.05_imputed.feather,5.0,0.05,0.05,0.7126088175833225,2.0107879925322916,0.24775016124249483,1.7003718446727816,0.20720757914956067,464.8449819087982,1599,12
ty_wine.red_data_mice_0.10_imputed.feather,5.0,0.10,0.1,0.6554067941341432,2.0107879925322916,0.24775016124249483,1.7042453339587598,0.17244309730187268,647.6633543968201,1599,12
ty_wine.red_data_mice_0.15_imputed.feather,5.0,0.15,0.15,0.6346438424230125,2.0107879925322916,0.24775016124249483,1.9544427450706143,0.17593757477024852,543.741583108902,1599,12
ty_wine.red_data_missforest_0.05_imputed.feather,5.0,0.05,0.05,0.8838302096655892,2.0107879925322916,0.24775016124249483,2.048091908865071,0.25093352018131654,502.50538086891174,1599,12
ty_wine.red_data_missforest_0.10_imputed.feather,5.0,0.10,0.1,0.707034807899988,2.0107879925322916,0.24775016124249483,1.7045974605743157,0.2541233092741546,537.7666463851929,1599,12
ty_wine.red_data_missforest_0.15_imputed.feather,5.0,0.15,0.15,0.7869598587945382,2.0107879925322916,0.24775016124249483,2.032226401735815,0.23780867981995257,619.2927136421204,1599,12
