File,NClusters,Method,MissingRate,ARI,OriginalEntropy,OriginalMutInfo,ImputedEntropy,ImputedMutInfo,ClusteringTimeSec,NRows,NCols
ty_wine.white_data_famd_0.05_imputed.feather,2.0,0.05,0.05,0.26038909414357264,0.9924698473979607,0.04876949675442965,0.9205923442619863,0.05891327149934256,2348.658835887909,4898,12
ty_wine.white_data_famd_0.10_imputed.feather,2.0,0.10,0.1,0.23186184731456452,0.9924698473979607,0.04876949675442965,0.9127549516793589,0.059497909280818106,1575.0168664455414,4898,12
ty_wine.white_data_famd_0.15_imputed.feather,2.0,0.15,0.15,0.07567454913192935,0.9924698473979607,0.04876949675442965,0.9745103573581915,0.07038758790572963,2066.3334472179413,4898,12
ty_wine.white_data_mice_0.05_imputed.feather,2.0,0.05,0.05,0.27650396391828347,0.9924698473979607,0.04876949675442965,0.9193808672340168,0.05602759008214164,1545.1866102218628,4898,12
ty_wine.white_data_mice_0.10_imputed.feather,2.0,0.10,0.1,0.2342361499208349,0.9924698473979607,0.04876949675442965,0.9127549516793589,0.05481108095617948,1312.1975364685059,4898,12
ty_wine.white_data_mice_0.15_imputed.feather,2.0,0.15,0.15,0.2129862178455966,0.9924698473979607,0.04876949675442965,0.9187714824786333,0.06050885131205952,3066.7008225917816,4898,12
ty_wine.white_data_missforest_0.05_imputed.feather,2.0,0.05,0.05,0.271402859169047,0.9924698473979607,0.04876949675442965,0.9237755324740051,0.05792929696049143,3185.158263683319,4898,12
ty_wine.white_data_missforest_0.10_imputed.feather,2.0,0.10,0.1,0.25130948187490115,0.9924698473979607,0.04876949675442965,0.9241685930523851,0.05971892806691237,2623.141640663147,4898,12
ty_wine.white_data_missforest_0.15_imputed.feather,2.0,0.15,0.15,0.04574024276055738,0.9924698473979607,0.04876949675442965,0.9853006767899182,0.07482418838383964,1629.6544797420502,4898,12
